id,firstName,lastName,address,schoolEmail,email
66,Julia,Young,"12761 Philip Rapids Suite 737
New Virginia, MS 93149",keithjennifer@wilcox-douglas.com,toliver@example.org
79,Emily,Maldonado,"5021 Derek Mountain Suite 973
North Joseborough, WV 63646",christopherthompson@jones.com,treyes@example.com
53,Corey,Prince,"7823 Patterson Estates Suite 994
Timothyhaven, MD 81864",howardgloria@nelson.net,colleenthompson@example.org
18,Mark,Aguilar,"74329 Natalie Inlet
Nicoleberg, DE 63527",john94@graham.biz,amandafrey@example.com
49,Jean,Lynch,"05373 Vanessa Fort Apt. 830
New Jessicamouth, TX 50744",tylerbennett@anderson.org,ganderson@example.com
56,Steven,Brown,"1500 Michaela Islands
South Mary, FL 35899",nicholas35@harris.info,ashley01@example.org
9,John,Jones,"85767 Steven Meadows
West Ricardoborough, SC 82817",jonathan23@kemp.com,lpalmer@example.net
38,Jonathan,Foster,"920 David Mall
Leeshire, OR 64031",eboyd@warner.com,ebonygardner@example.org
23,James,Ramirez,"USNS Walls
FPO AE 91469",cohendouglas@diaz-monroe.net,heidijohnson@example.net
82,Destiny,Hale,"61120 Brown Mountains
South Robert, MT 35977",castanedaashley@carter-callahan.com,amberdavis@example.net
20,Alyssa,Estrada,"USCGC Cortez
FPO AA 17653",tiffany80@boyd.org,xherman@example.org
46,Elaine,Anthony,"0299 Jackson Manor Apt. 241
North Andrewstad, FL 68825",hernandezmatthew@meyers.com,brownrobert@example.org
45,Angel,Ibarra,"739 Ford Knoll
Jeremiahburgh, MI 11978",shawn69@campbell.com,rowlandjoan@example.com
17,Michael,Mills,"140 Diane Meadows
New Brandonhaven, NY 62296",patrickmoore@jones-williams.com,masonwalters@example.net
50,Brenda,Banks,"257 Johnson Loaf Apt. 912
East Cindyberg, WA 49681",zhughes@hill-donaldson.com,khernandez@example.com
51,Sharon,Middleton,"2209 Roberts Forge
Martinbury, WY 93553",deanwarner@banks-mendoza.com,codyhess@example.org
45,Jacob,Vaughan,"50224 John Club
Baldwinfurt, WI 65835",larry82@ward.biz,carpenterthomas@example.com
98,William,Bailey,"2178 Stewart Summit
New Stephanie, KS 92080",ppowell@landry-sanders.org,brianbarry@example.net
56,Justin,Friedman,"456 Banks Centers
West Jeremyburgh, RI 88489",bryanmata@walker-wolf.com,dcalderon@example.com
15,Carol,Mcmillan,"USS Conway
FPO AE 35228",pcuevas@mitchell.com,janet80@example.org
69,Maria,Jimenez,"USNS Wilkins
FPO AP 01986",margaretparks@perry-wiggins.biz,qortiz@example.net
39,Sharon,Chen,"02608 Jeffery Harbors Apt. 350
Jessicafort, PA 96245",johnreed@hart-clark.biz,xbell@example.net
40,Brian,Owens,"2442 Amanda Mountains
Mackbury, MS 10019",alyssastewart@carpenter-garrett.biz,stantonmatthew@example.net
51,Melissa,Hughes,"675 Bryan Mountain Apt. 886
North Christopher, WI 05751",jennifermason@camacho-osborn.net,jermaine04@example.net
83,James,Sanders,"80148 Ramirez Oval Apt. 800
North Cody, IA 31286",lhall@mejia.com,chadsilva@example.net
98,Daniel,Jones,"9812 Young Locks Apt. 407
Morrowhaven, NM 31046",ianhansen@calderon-lowe.com,jimmygibbs@example.org
20,Lori,Figueroa,"USS Rodriguez
FPO AP 33816",uoconnor@cochran.biz,zrowe@example.net
3,Kevin,Mejia,"04888 Melissa Ville
Stewartfort, MT 49113",petergonzalez@richardson.com,matthew21@example.org
65,Debra,Jones,"4228 Anderson Shoals
East Jasonport, IA 28896",djackson@frey.com,gmartinez@example.org
93,Paul,Chavez,"1458 Wilson Mountains Apt. 395
Lake Amyshire, KS 00650",rmoore@patton.com,jasonkelley@example.org
38,Jerry,Preston,"USNV Mendoza
FPO AE 69606",cruzellen@arnold.net,qburton@example.net
65,Patrick,Church,"26317 Adam Fords Suite 314
Youngfort, WV 37839",lmendez@vaughn.com,laura52@example.net
18,Tara,Thompson,"21568 Carr Cape Suite 378
New Anthony, MD 53738",wschultz@brown-thomas.net,richardsonsamuel@example.net
91,John,Graham,"85832 Alexander Hills
East Jasminefort, TN 05062",donna37@johnson-martinez.com,brittanybell@example.net
32,Kyle,Schwartz,"3332 Wendy Street
New Mike, NY 57251",smithjeremy@blair.com,davidgarcia@example.com
62,Carl,Delgado,"3372 Trevor Fields Suite 117
East Stephanieberg, OK 86030",reneeswanson@smith-jennings.info,samuel80@example.com
83,Beth,Cooper,"22136 Anthony Cliff Suite 021
Port Thomas, WA 33299",ashley57@lewis.biz,kimnguyen@example.org
43,Matthew,Ruiz,"98776 Andrea Springs Apt. 970
New Dianaberg, OR 20856",zmann@bell-mullins.com,michael27@example.com
56,Ellen,Moran,"79098 Fletcher Drive Apt. 831
Johnsonborough, FM 97302",kimtony@greer-martinez.com,valerie08@example.org
26,Charles,Henderson,"97432 Smith Mountain
North Colinstad, MD 85448",vcooper@stokes-smith.biz,hensleyrhonda@example.com
92,Scott,Andrews,"4944 Cindy Trafficway
Aprilfort, CT 35706",mariaphillips@scott-gray.com,stephen69@example.com
55,Patty,Leach,"274 Roman Plain
Zacharyville, AS 11692",jrogers@jones-hebert.biz,fernando72@example.org
91,Frederick,Gentry,"71923 Jones Trail Suite 437
Matthewchester, AK 74587",glennholmes@sanchez-neal.info,watersdavid@example.com
6,Carl,Carey,"55898 Daugherty Orchard
Lake Jenniferhaven, UT 37981",fieldsadam@stephens.com,marshallsteven@example.org
76,Julie,Snow,"83438 Angela Port Suite 084
Katieland, MI 40383",whitakertheresa@garner.net,victor67@example.com
72,David,Russell,"07214 Patrick Station
Clarkemouth, IN 73441",derrickhughes@benjamin.com,fordrachel@example.net
15,Christopher,Gibson,"016 Mitchell Well
Reyesshire, AK 42860",aprilgolden@miller.com,amandawilliams@example.org
66,Lynn,Short,"512 Nathan Creek Suite 417
Rossburgh, ME 86671",vanderson@roberts-anderson.com,yconway@example.com
94,Ian,Miller,"810 Everett Circles
Lake Leah, GA 74553",chapmancharles@rodriguez.info,sandersbrooke@example.com
19,Maria,Roberts,"19747 Kayla Hills Apt. 695
South Daleville, MT 67118",bradshawsamantha@bass.com,deleonteresa@example.org
